"LogMode","MaximumSizeInBytes","RecordCount","LogName","TimeCreated","LevelDisplayName"
"Circular","15728640","7994","Windows PowerShell","12.12.2024 12:09:36","????????"
"Circular","15728640","7994","Windows PowerShell","12.12.2024 12:09:27","Сведения"
"Circular","15728640","7994","Windows PowerShell","12.12.2024 12:09:27","Сведения"
"Circular","20971520","41772","System","12.12.2024 12:00:00","Сведения"
"Circular","20971520","41772","System","12.12.2024 11:01:29","Сведения"
"Circular","20971520","41772","System","12.12.2024 10:59:13","Предупреждение"
"Circular","20971520","26081","Security","12.12.2024 12:09:20","Сведения"
"Circular","20971520","26081","Security","12.12.2024 12:09:20","Сведения"
"Circular","20971520","26081","Security","12.12.2024 12:09:20","Сведения"
"Circular","1052672","3198","OneApp_IGCC","12.12.2024 8:55:53","Сведения"
"Circular","1052672","3198","OneApp_IGCC","12.12.2024 8:55:50","Сведения"
"Circular","1052672","3198","OneApp_IGCC","12.12.2024 8:55:50","Сведения"
"Circular","1052672","1774","OAlerts","12.12.2024 11:06:47","Сведения"
"Circular","1052672","1774","OAlerts","12.12.2024 11:06:47","Сведения"
"Circular","1052672","1774","OAlerts","12.12.2024 10:59:46","Сведения"
"Circular","1052672","1260","Kaspersky Endpoint Security","12.12.2024 8:55:41","Сведения"
"Circular","1052672","1260","Kaspersky Endpoint Security","12.12.2024 8:55:41","Сведения"
"Circular","1052672","1260","Kaspersky Endpoint Security","12.12.2024 8:55:41","Предупреждение"
"Circular","20971520","25220","Application","12.12.2024 12:07:59","Сведения"
"Circular","20971520","25220","Application","12.12.2024 12:07:59","Сведения"
"Circular","20971520","25220","Application","12.12.2024 11:59:01","Сведения"
"Circular","1052672","218","Setup","12.12.2024 10:56:38","Сведения"
"Circular","1052672","218","Setup","12.12.2024 10:43:40","Сведения"
"Circular","1052672","218","Setup","15.11.2024 10:51:50","Сведения"
"Circular","1052672","641","Microsoft-Windows-WWAN-SVC-Events/Operational","28.09.2023 14:23:36","Сведения"
"Circular","1052672","641","Microsoft-Windows-WWAN-SVC-Events/Operational","28.09.2023 14:23:36","Сведения"
"Circular","1052672","641","Microsoft-Windows-WWAN-SVC-Events/Operational","28.09.2023 14:23:36","Сведения"
"Circular","1052672","38","Microsoft-Windows-WPD-MTPClassDriver/Operational","24.07.2024 15:05:33","Сведения"
"Circular","1052672","38","Microsoft-Windows-WPD-MTPClassDriver/Operational","24.07.2024 15:01:46","Сведения"
"Circular","1052672","38","Microsoft-Windows-WPD-MTPClassDriver/Operational","24.07.2024 15:01:46","Сведения"
"Circular","1052672","1","Microsoft-Windows-WPD-ClassInstaller/Operational","14.05.2024 14:50:41","Сведения"
"Circular","1052672","1453","Microsoft-Windows-WMI-Activity/Operational","12.12.2024 11:57:01","Сведения"
"Circular","1052672","1453","Microsoft-Windows-WMI-Activity/Operational","12.12.2024 11:55:35","Сведения"
"Circular","1052672","1453","Microsoft-Windows-WMI-Activity/Operational","12.12.2024 11:51:58","Сведения"
"Circular","1052672","1398","Microsoft-Windows-WLAN-AutoConfig/Operational","12.12.2024 10:36:26","Ошибка"
"Circular","1052672","1398","Microsoft-Windows-WLAN-AutoConfig/Operational","12.12.2024 10:36:16","Сведения"
"Circular","1052672","1398","Microsoft-Windows-WLAN-AutoConfig/Operational","12.12.2024 10:36:16","Сведения"
"Circular","1052672","1622","Microsoft-Windows-WinRM/Operational","12.12.2024 11:01:33","Ошибка"
"Circular","1052672","1622","Microsoft-Windows-WinRM/Operational","12.12.2024 11:01:33","Ошибка"
"Circular","1052672","1622","Microsoft-Windows-WinRM/Operational","12.12.2024 11:01:33","Сведения"
"Circular","1052672","2592","Microsoft-Windows-Winlogon/Operational","12.12.2024 8:55:50","Сведения"
"Circular","1052672","2592","Microsoft-Windows-Winlogon/Operational","12.12.2024 8:55:50","Сведения"
"Circular","1052672","2592","Microsoft-Windows-Winlogon/Operational","12.12.2024 8:55:50","Сведения"
"Circular","1052672","7","Microsoft-Windows-WinINet-Config/ProxyConfigChanged","26.11.2024 8:49:18","Сведения"
"Circular","1052672","7","Microsoft-Windows-WinINet-Config/ProxyConfigChanged","26.11.2024 8:49:06","Сведения"
"Circular","1052672","7","Microsoft-Windows-WinINet-Config/ProxyConfigChanged","26.11.2024 8:42:40","Сведения"
"Circular","1052672","1397","Microsoft-Windows-WindowsUpdateClient/Operational","12.12.2024 10:43:38","Сведения"
"Circular","1052672","1397","Microsoft-Windows-WindowsUpdateClient/Operational","12.12.2024 9:11:28","Сведения"
"Circular","1052672","1397","Microsoft-Windows-WindowsUpdateClient/Operational","12.12.2024 9:01:22","Сведения"
"Circular","1052672","634","Microsoft-Windows-WindowsSystemAssessmentTool/Operational","18.11.2024 13:28:52","Сведения"
"Circular","1052672","634","Microsoft-Windows-WindowsSystemAssessmentTool/Operational","18.11.2024 13:28:52","Сведения"
"Circular","1052672","634","Microsoft-Windows-WindowsSystemAssessmentTool/Operational","18.11.2024 13:28:52","Сведения"
"Circular","1052672","36","Microsoft-Windows-Windows Firewall With Advanced Security/FirewallDiagnostics","27.10.2024 21:14:40","4"
"Circular","1052672","36","Microsoft-Windows-Windows Firewall With Advanced Security/FirewallDiagnostics","29.01.2024 22:33:49","4"
"Circular","1052672","36","Microsoft-Windows-Windows Firewall With Advanced Security/FirewallDiagnostics","05.12.2023 0:01:08","4"
"Circular","1052672","1145","Microsoft-Windows-Windows Firewall With Advanced Security/Firewall","12.12.2024 11:03:17","Сведения"
"Circular","1052672","1145","Microsoft-Windows-Windows Firewall With Advanced Security/Firewall","12.12.2024 11:03:17","Сведения"
"Circular","1052672","1145","Microsoft-Windows-Windows Firewall With Advanced Security/Firewall","12.12.2024 10:59:13","Сведения"
"Circular","16777216","6155","Microsoft-Windows-Windows Defender/Operational","02.12.2024 7:46:38","Сведения"
"Circular","16777216","6155","Microsoft-Windows-Windows Defender/Operational","02.12.2024 7:46:35","Сведения"
"Circular","16777216","6155","Microsoft-Windows-Windows Defender/Operational","02.12.2024 7:44:00","Сведения"
"Circular","1052672","75","Microsoft-Windows-WFP/Operational","30.11.2024 16:52:28","Предупреждение"
"Circular","1052672","75","Microsoft-Windows-WFP/Operational","29.11.2024 16:35:57","Предупреждение"
"Circular","1052672","75","Microsoft-Windows-WFP/Operational","07.11.2024 14:04:19","Предупреждение"
"Circular","1052672","350","Microsoft-Windows-WER-PayloadHealth/Operational","12.12.2024 10:54:28","Сведения"
"Circular","1052672","350","Microsoft-Windows-WER-PayloadHealth/Operational","10.12.2024 15:16:10","Сведения"
"Circular","1052672","350","Microsoft-Windows-WER-PayloadHealth/Operational","09.12.2024 14:54:28","Сведения"
"Circular","5242880","579","Microsoft-Windows-WebAuthN/Operational","12.12.2024 8:55:36","Success"
"Circular","5242880","579","Microsoft-Windows-WebAuthN/Operational","12.12.2024 6:53:02","Success"
"Circular","5242880","579","Microsoft-Windows-WebAuthN/Operational","03.12.2024 16:35:57","Сведения"
"Circular","1052672","2442","Microsoft-Windows-Wcmsvc/Operational","12.12.2024 11:59:01","Сведения"
"Circular","1052672","2442","Microsoft-Windows-Wcmsvc/Operational","12.12.2024 10:36:26","Сведения"
"Circular","1052672","2442","Microsoft-Windows-Wcmsvc/Operational","12.12.2024 10:36:26","Сведения"
"Circular","1052672","1979","Microsoft-Windows-VolumeSnapshot-Driver/Operational","12.12.2024 8:55:27","Сведения"
"Circular","1052672","1979","Microsoft-Windows-VolumeSnapshot-Driver/Operational","12.12.2024 8:55:27","Сведения"
"Circular","1052672","1979","Microsoft-Windows-VolumeSnapshot-Driver/Operational","12.12.2024 8:55:27","Сведения"
"Circular","1052672","2046","Microsoft-Windows-VHDMP-Operational","09.12.2024 12:35:55","Сведения"
"Circular","1052672","2046","Microsoft-Windows-VHDMP-Operational","09.12.2024 12:35:55","Сведения"
"Circular","1052672","2046","Microsoft-Windows-VHDMP-Operational","09.12.2024 12:35:55","Сведения"
"Circular","1052672","334","Microsoft-Windows-UserPnp/DeviceInstall","09.12.2024 9:07:20","Сведения"
"Circular","1052672","334","Microsoft-Windows-UserPnp/DeviceInstall","09.12.2024 9:07:20","Сведения"
"Circular","1052672","334","Microsoft-Windows-UserPnp/DeviceInstall","09.12.2024 9:04:50","Сведения"
"Circular","4194304","5382","Microsoft-Windows-User Profile Service/Operational","12.12.2024 8:57:42","Сведения"
"Circular","4194304","5382","Microsoft-Windows-User Profile Service/Operational","12.12.2024 8:57:42","Сведения"
"Circular","4194304","5382","Microsoft-Windows-User Profile Service/Operational","12.12.2024 8:57:42","Сведения"
"Circular","1052672","682","Microsoft-Windows-User Device Registration/Admin","12.12.2024 8:55:52","Предупреждение"
"Circular","1052672","682","Microsoft-Windows-User Device Registration/Admin","12.12.2024 6:53:22","Предупреждение"
"Circular","1052672","682","Microsoft-Windows-User Device Registration/Admin","11.12.2024 14:22:28","Предупреждение"
"Circular","1052672","1896","Microsoft-Windows-UniversalTelemetryClient/Operational","12.12.2024 11:55:41","Сведения"
"Circular","1052672","1896","Microsoft-Windows-UniversalTelemetryClient/Operational","12.12.2024 11:25:41","Сведения"
"Circular","1052672","1896","Microsoft-Windows-UniversalTelemetryClient/Operational","12.12.2024 11:24:48","Сведения"
"Circular","1052672","3","Microsoft-Windows-UAC/Operational","08.06.2024 9:41:53","Ошибка"
"Circular","1052672","3","Microsoft-Windows-UAC/Operational","08.06.2024 9:41:53","Ошибка"
"Circular","1052672","3","Microsoft-Windows-UAC/Operational","08.06.2024 9:41:53","Ошибка"
"Circular","1052672","1167","Microsoft-Windows-UAC-FileVirtualization/Operational","24.10.2024 16:43:40","Подробно"
"Circular","1052672","1167","Microsoft-Windows-UAC-FileVirtualization/Operational","24.10.2024 16:43:40","Подробно"
"Circular","1052672","1167","Microsoft-Windows-UAC-FileVirtualization/Operational","24.10.2024 16:43:40","Подробно"
"Circular","1052672","104","Microsoft-Windows-TZSync/Operational","08.12.2024 20:00:34","Сведения"
"Circular","1052672","104","Microsoft-Windows-TZSync/Operational","08.12.2024 20:00:32","Сведения"
"Circular","1052672","104","Microsoft-Windows-TZSync/Operational","02.12.2024 11:24:10","Сведения"
"Circular","1052672","432","Microsoft-Windows-TWinUI/Operational","11.12.2024 12:43:06","Сведения"
"Circular","1052672","432","Microsoft-Windows-TWinUI/Operational","11.12.2024 8:48:15","Сведения"
"Circular","1052672","432","Microsoft-Windows-TWinUI/Operational","10.12.2024 12:59:52","Сведения"
"Circular","1052672","944","Microsoft-Windows-Time-Service/Operational","12.12.2024 10:51:30","Сведения"
"Circular","1052672","944","Microsoft-Windows-Time-Service/Operational","12.12.2024 10:51:30","Сведения"
"Circular","1052672","944","Microsoft-Windows-Time-Service/Operational","12.12.2024 10:51:30","Сведения"
"Circular","1052672","282","Microsoft-Windows-TerminalServices-RDPClient/Operational","09.12.2024 12:34:54","Сведения"
"Circular","1052672","282","Microsoft-Windows-TerminalServices-RDPClient/Operational","09.12.2024 12:34:54","Сведения"
"Circular","1052672","282","Microsoft-Windows-TerminalServices-RDPClient/Operational","09.12.2024 12:34:54","Ошибка"
"Circular","1052672","1874","Microsoft-Windows-TerminalServices-LocalSessionManager/Operational","12.12.2024 8:55:50","Сведения"
"Circular","1052672","1874","Microsoft-Windows-TerminalServices-LocalSessionManager/Operational","12.12.2024 8:55:50","Сведения"
"Circular","1052672","1874","Microsoft-Windows-TerminalServices-LocalSessionManager/Operational","12.12.2024 8:55:42","Сведения"
"Circular","1052672","27","Microsoft-Windows-TCPIP/Operational","16.11.2024 10:43:15","Сведения"
"Circular","1052672","27","Microsoft-Windows-TCPIP/Operational","16.11.2024 10:38:15","Сведения"
"Circular","1052672","27","Microsoft-Windows-TCPIP/Operational","06.12.2023 11:53:57","Сведения"
"Circular","1052672","2190","Microsoft-Windows-TaskScheduler/Maintenance","12.12.2024 10:11:51","Сведения"
"Circular","1052672","2190","Microsoft-Windows-TaskScheduler/Maintenance","12.12.2024 10:11:51","Сведения"
"Circular","1052672","2190","Microsoft-Windows-TaskScheduler/Maintenance","12.12.2024 9:59:03","Сведения"
"Circular","16777216","600","Microsoft-Windows-Storsvc/Diagnostic","12.12.2024 8:56:29","Сведения"
"Circular","16777216","600","Microsoft-Windows-Storsvc/Diagnostic","10.12.2024 15:07:03","Сведения"
"Circular","16777216","600","Microsoft-Windows-Storsvc/Diagnostic","10.12.2024 8:48:25","Сведения"
"Circular","20000000","27709","Microsoft-Windows-Store/Operational","12.12.2024 12:09:31","Сведения"
"Circular","20000000","27709","Microsoft-Windows-Store/Operational","12.12.2024 12:09:31","Сведения"
"Circular","20000000","27709","Microsoft-Windows-Store/Operational","12.12.2024 12:09:23","Сведения"
"Circular","1052672","605","Microsoft-Windows-StorageSpaces-Driver/Operational","12.12.2024 8:55:27","Сведения"
"Circular","1052672","605","Microsoft-Windows-StorageSpaces-Driver/Operational","12.12.2024 6:52:53","Сведения"
"Circular","1052672","605","Microsoft-Windows-StorageSpaces-Driver/Operational","12.12.2024 6:52:47","Сведения"
"Circular","67108864","104","Microsoft-Windows-StorageSettings/Diagnostic","29.01.2024 11:02:13","Сведения"
"Circular","67108864","104","Microsoft-Windows-StorageSettings/Diagnostic","29.01.2024 11:02:13","Сведения"
"Circular","67108864","104","Microsoft-Windows-StorageSettings/Diagnostic","29.01.2024 11:02:13","Сведения"
"Circular","33554432","17982","Microsoft-Windows-Storage-Storport/Operational","12.12.2024 11:34:27","Ошибка"
"Circular","33554432","17982","Microsoft-Windows-Storage-Storport/Operational","12.12.2024 11:16:24","Сведения"
"Circular","33554432","17982","Microsoft-Windows-Storage-Storport/Operational","12.12.2024 11:16:24","Сведения"
"Circular","6291456","1368","Microsoft-Windows-Storage-Storport/Health","12.12.2024 9:06:26","Сведения"
"Circular","6291456","1368","Microsoft-Windows-Storage-Storport/Health","12.12.2024 8:55:26","Предупреждение"
"Circular","6291456","1368","Microsoft-Windows-Storage-Storport/Health","12.12.2024 6:52:47","Предупреждение"
"Circular","6291456","5170","Microsoft-Windows-Storage-ClassPnP/Operational","12.12.2024 6:53:38","Ошибка"
"Circular","6291456","5170","Microsoft-Windows-Storage-ClassPnP/Operational","12.12.2024 6:52:53","Ошибка"
"Circular","6291456","5170","Microsoft-Windows-Storage-ClassPnP/Operational","12.12.2024 6:52:53","Ошибка"
"Circular","5242880","9167","Microsoft-Windows-StateRepository/Operational","12.12.2024 11:44:14","Подробно"
"Circular","5242880","9167","Microsoft-Windows-StateRepository/Operational","12.12.2024 10:44:15","Подробно"
"Circular","5242880","9167","Microsoft-Windows-StateRepository/Operational","12.12.2024 9:41:58","Подробно"
"Circular","8388608","9150","Microsoft-Windows-SMBServer/Operational","12.12.2024 10:36:21","Сведения"
"Circular","8388608","9150","Microsoft-Windows-SMBServer/Operational","12.12.2024 10:35:50","Сведения"
"Circular","8388608","9150","Microsoft-Windows-SMBServer/Operational","12.12.2024 10:35:26","Сведения"
"Circular","8388608","916","Microsoft-Windows-SmbClient/Security","12.12.2024 10:35:23","Предупреждение"
"Circular","8388608","916","Microsoft-Windows-SmbClient/Security","12.12.2024 8:55:36","Предупреждение"
"Circular","8388608","916","Microsoft-Windows-SmbClient/Security","12.12.2024 6:53:02","Предупреждение"
"Circular","8388608","18720","Microsoft-Windows-SmbClient/Connectivity","12.12.2024 10:36:29","Сведения"
"Circular","8388608","18720","Microsoft-Windows-SmbClient/Connectivity","12.12.2024 10:36:23","Сведения"
"Circular","8388608","18720","Microsoft-Windows-SmbClient/Connectivity","12.12.2024 10:36:21","Сведения"
"Circular","8388608","17","Microsoft-Windows-SmbClient/Audit","15.02.2024 16:16:19","Сведения"
"Circular","8388608","17","Microsoft-Windows-SmbClient/Audit","15.02.2024 15:56:19","Сведения"
"Circular","8388608","17","Microsoft-Windows-SmbClient/Audit","15.02.2024 15:36:18","Сведения"
"Circular","1052672","2140","Microsoft-Windows-ShellCommon-StartLayoutPopulation/Operational","12.12.2024 8:56:03","Сведения"
"Circular","1052672","2140","Microsoft-Windows-ShellCommon-StartLayoutPopulation/Operational","12.12.2024 8:56:03","Сведения"
"Circular","1052672","2140","Microsoft-Windows-ShellCommon-StartLayoutPopulation/Operational","12.12.2024 8:55:53","Сведения"
"Circular","1052672","2186","Microsoft-Windows-Shell-Core/Operational","12.12.2024 11:36:21","Сведения"
"Circular","1052672","2186","Microsoft-Windows-Shell-Core/Operational","12.12.2024 11:36:21","Сведения"
"Circular","1052672","2186","Microsoft-Windows-Shell-Core/Operational","12.12.2024 11:36:19","Сведения"
"Circular","1052672","2154","Microsoft-Windows-Shell-Core/AppDefaults","12.12.2024 9:11:01","Сведения"
"Circular","1052672","2154","Microsoft-Windows-Shell-Core/AppDefaults","12.12.2024 9:01:55","Сведения"
"Circular","1052672","2154","Microsoft-Windows-Shell-Core/AppDefaults","12.12.2024 9:01:55","Сведения"
"Circular","1052672","1","Microsoft-Windows-SettingSync/Operational","26.07.2023 20:01:41","Ошибка"
"Circular","1052672","1295","Microsoft-Windows-SettingSync/Debug","12.12.2024 9:41:52","Ошибка"
"Circular","1052672","1295","Microsoft-Windows-SettingSync/Debug","12.12.2024 9:41:52","Ошибка"
"Circular","1052672","1295","Microsoft-Windows-SettingSync/Debug","12.12.2024 9:41:52","Ошибка"
"Circular","1052672","1558","Microsoft-Windows-Security-SPP-UX-Notifications/ActionCenter","12.12.2024 10:37:44","Предупреждение"
"Circular","1052672","1558","Microsoft-Windows-Security-SPP-UX-Notifications/ActionCenter","12.12.2024 10:36:14","Предупреждение"
"Circular","1052672","1558","Microsoft-Windows-Security-SPP-UX-Notifications/ActionCenter","12.12.2024 10:35:51","Предупреждение"
"Circular","1052672","9","Microsoft-Windows-Security-SPP-UX-GenuineCenter-Logging/Operational","09.04.2024 8:05:37","Ошибка"
"Circular","1052672","9","Microsoft-Windows-Security-SPP-UX-GenuineCenter-Logging/Operational","08.04.2024 16:18:45","Ошибка"
"Circular","1052672","9","Microsoft-Windows-Security-SPP-UX-GenuineCenter-Logging/Operational","06.04.2024 8:49:29","Ошибка"
"Circular","1052672","575","Microsoft-Windows-Security-Mitigations/KernelMode","12.12.2024 12:10:58","Предупреждение"
"Circular","1052672","575","Microsoft-Windows-Security-Mitigations/KernelMode","12.12.2024 12:08:55","Предупреждение"
"Circular","1052672","575","Microsoft-Windows-Security-Mitigations/KernelMode","12.12.2024 12:06:50","Предупреждение"
"Circular","1052672","540","Microsoft-Windows-Resource-Exhaustion-Resolver/Operational","10.12.2024 16:02:15","Сведения"
"Circular","1052672","540","Microsoft-Windows-Resource-Exhaustion-Resolver/Operational","10.12.2024 15:16:10","Сведения"
"Circular","1052672","540","Microsoft-Windows-Resource-Exhaustion-Resolver/Operational","10.12.2024 15:16:07","Сведения"
"Circular","1052672","714","Microsoft-Windows-Resource-Exhaustion-Detector/Operational","12.12.2024 8:55:43","Сведения"
"Circular","1052672","714","Microsoft-Windows-Resource-Exhaustion-Detector/Operational","12.12.2024 6:53:14","Сведения"
"Circular","1052672","714","Microsoft-Windows-Resource-Exhaustion-Detector/Operational","02.12.2024 8:25:16","Сведения"
"Circular","1052672","6","Microsoft-Windows-RemoteAssistance/Operational","15.11.2024 12:19:56","Подробно"
"Circular","1052672","6","Microsoft-Windows-RemoteAssistance/Operational","15.11.2024 12:19:40","Подробно"
"Circular","1052672","6","Microsoft-Windows-RemoteAssistance/Operational","15.11.2024 12:19:08","Подробно"
"Circular","1052672","709","Microsoft-Windows-ReadyBoost/Operational","12.12.2024 8:56:29","Сведения"
"Circular","1052672","709","Microsoft-Windows-ReadyBoost/Operational","12.12.2024 8:56:26","Сведения"
"Circular","1052672","709","Microsoft-Windows-ReadyBoost/Operational","12.12.2024 8:56:16","Сведения"
"Circular","1052672","1798","Microsoft-Windows-PushNotification-Platform/Operational","12.12.2024 12:09:25","Сведения"
"Circular","1052672","1798","Microsoft-Windows-PushNotification-Platform/Operational","12.12.2024 12:09:19","Сведения"
"Circular","1052672","1798","Microsoft-Windows-PushNotification-Platform/Operational","12.12.2024 12:09:14","Сведения"
"Circular","1052672","10","Microsoft-Windows-PushNotification-Platform/Admin","30.11.2024 16:52:59","Предупреждение"
"Circular","1052672","10","Microsoft-Windows-PushNotification-Platform/Admin","29.11.2024 16:36:27","Предупреждение"
"Circular","1052672","10","Microsoft-Windows-PushNotification-Platform/Admin","09.04.2024 8:05:23","Предупреждение"
"Circular","1052672","1665","Microsoft-Windows-Provisioning-Diagnostics-Provider/Admin","12.12.2024 9:41:58","Сведения"
"Circular","1052672","1665","Microsoft-Windows-Provisioning-Diagnostics-Provider/Admin","12.12.2024 9:41:58","Сведения"
"Circular","1052672","1665","Microsoft-Windows-Provisioning-Diagnostics-Provider/Admin","12.12.2024 9:41:58","Сведения"
"Retain","104857600","228","Microsoft-Windows-Privacy-Auditing/Operational","29.01.2024 11:01:40","Сведения"
"Retain","104857600","228","Microsoft-Windows-Privacy-Auditing/Operational","29.01.2024 11:01:21","Сведения"
"Retain","104857600","228","Microsoft-Windows-Privacy-Auditing/Operational","29.01.2024 11:01:13","Сведения"
"Circular","15728640","3419","Microsoft-Windows-PowerShell/Operational","12.12.2024 12:11:24","Предупреждение"
"Circular","15728640","3419","Microsoft-Windows-PowerShell/Operational","12.12.2024 12:09:36","Предупреждение"
"Circular","15728640","3419","Microsoft-Windows-PowerShell/Operational","12.12.2024 12:09:27","Сведения"
"Circular","16777216","964","Microsoft-Windows-Partition/Diagnostic","12.12.2024 8:55:27","Сведения"
"Circular","16777216","964","Microsoft-Windows-Partition/Diagnostic","12.12.2024 6:52:53","Сведения"
"Circular","16777216","964","Microsoft-Windows-Partition/Diagnostic","12.12.2024 6:52:47","Сведения"
"Circular","1052672","247","Microsoft-Windows-Ntfs/WHC","12.12.2024 8:55:27","Сведения"
"Circular","1052672","247","Microsoft-Windows-Ntfs/WHC","12.12.2024 6:52:47","Сведения"
"Circular","1052672","247","Microsoft-Windows-Ntfs/WHC","01.12.2024 21:37:11","Сведения"
"Circular","33554432","5106","Microsoft-Windows-Ntfs/Operational","12.12.2024 8:55:39","Сведения"
"Circular","33554432","5106","Microsoft-Windows-Ntfs/Operational","12.12.2024 8:55:33","Сведения"
"Circular","33554432","5106","Microsoft-Windows-Ntfs/Operational","12.12.2024 8:55:33","Сведения"
"Circular","1052672","142","Microsoft-Windows-NlaSvc/Operational","11.12.2024 8:46:35","Ошибка"
"Circular","1052672","142","Microsoft-Windows-NlaSvc/Operational","11.12.2024 8:46:31","Ошибка"
"Circular","1052672","142","Microsoft-Windows-NlaSvc/Operational","01.12.2024 18:42:03","Ошибка"
"Circular","1052672","2212","Microsoft-Windows-NetworkProfile/Operational","12.12.2024 10:36:38","Сведения"
"Circular","1052672","2212","Microsoft-Windows-NetworkProfile/Operational","12.12.2024 10:36:34","Сведения"
"Circular","1052672","2212","Microsoft-Windows-NetworkProfile/Operational","12.12.2024 10:36:25","Сведения"
"Circular","1052672","51","Microsoft-Windows-NetworkLocationWizard/Operational","10.12.2024 11:20:20","Сведения"
"Circular","1052672","51","Microsoft-Windows-NetworkLocationWizard/Operational","23.11.2024 8:45:07","Сведения"
"Circular","1052672","51","Microsoft-Windows-NetworkLocationWizard/Operational","18.11.2024 8:52:03","Сведения"
"Circular","1052672","2457","Microsoft-Windows-NCSI/Operational","12.12.2024 10:36:37","Сведения"
"Circular","1052672","2457","Microsoft-Windows-NCSI/Operational","12.12.2024 10:36:31","Сведения"
"Circular","1052672","2457","Microsoft-Windows-NCSI/Operational","12.12.2024 10:36:23","Сведения"
"Circular","1052672","86","Microsoft-Windows-NcdAutoSetup/Operational","01.12.2024 18:41:55","Сведения"
"Circular","1052672","86","Microsoft-Windows-NcdAutoSetup/Operational","01.12.2024 18:41:55","Сведения"
"Circular","1052672","86","Microsoft-Windows-NcdAutoSetup/Operational","29.11.2024 10:52:13","Сведения"
"Circular","1052672","19","Microsoft-Windows-MUI/Operational","12.10.2024 11:55:30","Сведения"
"Circular","1052672","19","Microsoft-Windows-MUI/Operational","18.09.2024 9:25:33","Сведения"
"Circular","1052672","19","Microsoft-Windows-MUI/Operational","17.06.2024 9:13:21","Сведения"
"Circular","1052672","1479","Microsoft-Windows-ModernDeployment-Diagnostics-Provider/ManagementService","13.01.2024 6:28:05","Ошибка"
"Circular","1052672","1479","Microsoft-Windows-ModernDeployment-Diagnostics-Provider/ManagementService","13.01.2024 6:28:05","Ошибка"
"Circular","1052672","1479","Microsoft-Windows-ModernDeployment-Diagnostics-Provider/ManagementService","13.01.2024 6:23:25","Ошибка"
"Circular","1052672","5","Microsoft-Windows-ModernDeployment-Diagnostics-Provider/Autopilot","26.07.2023 20:00:04","Предупреждение"
"Circular","1052672","5","Microsoft-Windows-ModernDeployment-Diagnostics-Provider/Autopilot","26.07.2023 20:00:04","Предупреждение"
"Circular","1052672","5","Microsoft-Windows-ModernDeployment-Diagnostics-Provider/Autopilot","26.07.2023 20:00:04","Предупреждение"
"Circular","1052672","15","Microsoft-Windows-Mobile-Broadband-Experience-Parser-Task/Operational","28.09.2023 9:47:24","Ошибка"
"Circular","1052672","15","Microsoft-Windows-Mobile-Broadband-Experience-Parser-Task/Operational","28.09.2023 9:47:24","Ошибка"
"Circular","1052672","15","Microsoft-Windows-Mobile-Broadband-Experience-Parser-Task/Operational","28.09.2023 9:47:23","Ошибка"
"Circular","1052672","566","Microsoft-Windows-LiveId/Operational","12.12.2024 12:09:20","Сведения"
"Circular","1052672","566","Microsoft-Windows-LiveId/Operational","12.12.2024 12:09:20","Сведения"
"Circular","1052672","566","Microsoft-Windows-LiveId/Operational","12.12.2024 12:09:19","Сведения"
"Circular","1052672","183","Microsoft-Windows-LanguagePackSetup/Operational","10.12.2024 12:35:59","Сведения"
"Circular","1052672","183","Microsoft-Windows-LanguagePackSetup/Operational","10.12.2024 12:35:58","Сведения"
"Circular","1052672","183","Microsoft-Windows-LanguagePackSetup/Operational","07.12.2024 9:05:30","Сведения"
"Circular","1052672","1951","Microsoft-Windows-Known Folders API Service","12.12.2024 10:59:14","Предупреждение"
"Circular","1052672","1951","Microsoft-Windows-Known Folders API Service","12.12.2024 10:59:14","Предупреждение"
"Circular","1052672","1951","Microsoft-Windows-Known Folders API Service","12.12.2024 9:16:21","Предупреждение"
"Circular","33554432","1681","Microsoft-Windows-Kernel-WHEA/Operational","12.12.2024 8:55:29","Сведения"
"Circular","33554432","1681","Microsoft-Windows-Kernel-WHEA/Operational","12.12.2024 8:55:28","Сведения"
"Circular","33554432","1681","Microsoft-Windows-Kernel-WHEA/Operational","12.12.2024 8:55:28","Сведения"
"Circular","33554432","18","Microsoft-Windows-Kernel-WHEA/Errors","20.11.2024 8:21:41","Сведения"
"Circular","33554432","18","Microsoft-Windows-Kernel-WHEA/Errors","18.10.2024 10:45:26","Сведения"
"Circular","33554432","18","Microsoft-Windows-Kernel-WHEA/Errors","14.10.2024 16:37:16","Сведения"
"Circular","1052672","1878","Microsoft-Windows-Kernel-ShimEngine/Operational","12.12.2024 10:36:23","Сведения"
"Circular","1052672","1878","Microsoft-Windows-Kernel-ShimEngine/Operational","12.12.2024 10:36:23","Сведения"
"Circular","1052672","1878","Microsoft-Windows-Kernel-ShimEngine/Operational","12.12.2024 9:41:57","Сведения"
"Circular","1052672","62","Microsoft-Windows-Kernel-PnP/Driver Watchdog","10.12.2024 6:44:32","Сведения"
"Circular","1052672","62","Microsoft-Windows-Kernel-PnP/Driver Watchdog","09.12.2024 15:56:09","Предупреждение"
"Circular","1052672","62","Microsoft-Windows-Kernel-PnP/Driver Watchdog","05.12.2024 14:18:20","Сведения"
"Circular","1052672","1500","Microsoft-Windows-Kernel-PnP/Configuration","12.12.2024 6:53:04","Сведения"
"Circular","1052672","1500","Microsoft-Windows-Kernel-PnP/Configuration","12.12.2024 6:53:03","Сведения"
"Circular","1052672","1500","Microsoft-Windows-Kernel-PnP/Configuration","10.12.2024 14:07:03","Сведения"
"Circular","1052672","40","Microsoft-Windows-Kernel-LiveDump/Operational","12.12.2024 10:36:20","Сведения"
"Circular","1052672","40","Microsoft-Windows-Kernel-LiveDump/Operational","12.12.2024 10:36:20","Сведения"
"Circular","1052672","40","Microsoft-Windows-Kernel-LiveDump/Operational","12.12.2024 10:36:20","Сведения"
"Circular","1052672","999","Microsoft-Windows-Kernel-EventTracing/Admin","12.12.2024 8:58:36","Ошибка"
"Circular","1052672","999","Microsoft-Windows-Kernel-EventTracing/Admin","12.12.2024 8:55:44","Ошибка"
"Circular","1052672","999","Microsoft-Windows-Kernel-EventTracing/Admin","12.12.2024 8:55:44","Предупреждение"
"Circular","1052672","369","Microsoft-Windows-Kernel-Boot/Operational","12.12.2024 8:55:25","Сведения"
"Circular","1052672","369","Microsoft-Windows-Kernel-Boot/Operational","12.12.2024 8:55:25","Сведения"
"Circular","1052672","369","Microsoft-Windows-Kernel-Boot/Operational","12.12.2024 8:55:25","Ошибка"
"Circular","1052672","483","Microsoft-Windows-Hyper-V-Worker-Admin","09.12.2024 12:35:55","Сведения"
"Circular","1052672","483","Microsoft-Windows-Hyper-V-Worker-Admin","09.12.2024 12:35:55","Сведения"
"Circular","1052672","483","Microsoft-Windows-Hyper-V-Worker-Admin","09.12.2024 12:35:55","Сведения"
"Circular","1052672","1232","Microsoft-Windows-Hyper-V-VmSwitch-Operational","12.12.2024 8:55:41","5"
"Circular","1052672","1232","Microsoft-Windows-Hyper-V-VmSwitch-Operational","12.12.2024 8:55:41","5"
"Circular","1052672","1232","Microsoft-Windows-Hyper-V-VmSwitch-Operational","12.12.2024 8:55:41","5"
"Circular","1052672","4","Microsoft-Windows-Hyper-V-StorageVSP-Admin","26.06.2024 8:59:16","Ошибка"
"Circular","1052672","4","Microsoft-Windows-Hyper-V-StorageVSP-Admin","26.06.2024 8:59:14","Ошибка"
"Circular","1052672","4","Microsoft-Windows-Hyper-V-StorageVSP-Admin","26.06.2024 8:59:14","Ошибка"
"Circular","1052672","148","Microsoft-Windows-Hyper-V-Hypervisor-Operational","09.12.2024 12:56:23","Сведения"
"Circular","1052672","148","Microsoft-Windows-Hyper-V-Hypervisor-Operational","09.12.2024 12:36:23","Сведения"
"Circular","1052672","148","Microsoft-Windows-Hyper-V-Hypervisor-Operational","09.12.2024 12:29:53","Сведения"
"Circular","1052672","228","Microsoft-Windows-Hyper-V-Hypervisor-Admin","12.12.2024 8:55:35","Сведения"
"Circular","1052672","228","Microsoft-Windows-Hyper-V-Hypervisor-Admin","12.12.2024 8:55:25","Сведения"
"Circular","1052672","228","Microsoft-Windows-Hyper-V-Hypervisor-Admin","12.12.2024 6:53:01","Сведения"
"Circular","134217728","1254","Microsoft-Windows-Hyper-V-Compute-Operational","09.12.2024 12:35:55","Сведения"
"Circular","134217728","1254","Microsoft-Windows-Hyper-V-Compute-Operational","09.12.2024 12:35:55","Сведения"
"Circular","134217728","1254","Microsoft-Windows-Hyper-V-Compute-Operational","09.12.2024 12:35:55","Сведения"
"Circular","1052672","12","Microsoft-Windows-Hyper-V-Compute-Admin","02.12.2024 10:41:14","Сведения"
"Circular","1052672","12","Microsoft-Windows-Hyper-V-Compute-Admin","12.10.2024 9:10:33","Сведения"
"Circular","1052672","12","Microsoft-Windows-Hyper-V-Compute-Admin","09.10.2024 8:59:37","Сведения"
"Circular","1052672","246","Microsoft-Windows-Host-Network-Service-Operational","09.12.2024 12:35:54","Сведения"
"Circular","1052672","246","Microsoft-Windows-Host-Network-Service-Operational","09.12.2024 12:35:54","Сведения"
"Circular","1052672","246","Microsoft-Windows-Host-Network-Service-Operational","09.12.2024 12:35:54","Сведения"
"Circular","1052672","282","Microsoft-Windows-Host-Network-Service-Admin","12.12.2024 6:53:04","Сведения"
"Circular","1052672","282","Microsoft-Windows-Host-Network-Service-Admin","11.12.2024 14:22:42","Сведения"
"Circular","1052672","282","Microsoft-Windows-Host-Network-Service-Admin","11.12.2024 12:42:51","Сведения"
"Circular","1052672","2357","Microsoft-Windows-HelloForBusiness/Operational","12.12.2024 10:36:23","Success"
"Circular","1052672","2357","Microsoft-Windows-HelloForBusiness/Operational","12.12.2024 9:41:57","Success"
"Circular","1052672","2357","Microsoft-Windows-HelloForBusiness/Operational","12.12.2024 8:55:52","Ошибка"
"Circular","4194304","9927","Microsoft-Windows-GroupPolicy/Operational","12.12.2024 11:57:04","Сведения"
"Circular","4194304","9927","Microsoft-Windows-GroupPolicy/Operational","12.12.2024 11:57:04","Сведения"
"Circular","4194304","9927","Microsoft-Windows-GroupPolicy/Operational","12.12.2024 11:57:04","Сведения"
"Circular","1052672","43","Microsoft-Windows-Fault-Tolerant-Heap/Operational","09.12.2024 14:52:19","Сведения"
"Circular","1052672","43","Microsoft-Windows-Fault-Tolerant-Heap/Operational","30.10.2024 11:19:11","Сведения"
"Circular","1052672","43","Microsoft-Windows-Fault-Tolerant-Heap/Operational","21.10.2024 9:36:05","Сведения"
"Circular","1052672","84","Microsoft-Windows-DxgKrnl-Operational","09.12.2024 12:29:34","Сведения"
"Circular","1052672","84","Microsoft-Windows-DxgKrnl-Operational","09.12.2024 12:29:34","Сведения"
"Circular","1052672","84","Microsoft-Windows-DxgKrnl-Operational","09.12.2024 12:29:33","Сведения"
"Circular","1052672","400","Microsoft-Windows-Diagnostics-Performance/Operational","12.12.2024 8:57:23","Предупреждение"
"Circular","1052672","400","Microsoft-Windows-Diagnostics-Performance/Operational","12.12.2024 8:57:23","Предупреждение"
"Circular","1052672","400","Microsoft-Windows-Diagnostics-Performance/Operational","12.12.2024 8:57:23","Предупреждение"
"Circular","1052672","14","Microsoft-Windows-Diagnostics-Networking/Operational","05.03.2024 14:33:52","Сведения"
"Circular","1052672","14","Microsoft-Windows-Diagnostics-Networking/Operational","05.03.2024 14:33:52","Сведения"
"Circular","1052672","14","Microsoft-Windows-Diagnostics-Networking/Operational","05.03.2024 14:33:38","Сведения"
"Circular","1052672","15","Microsoft-Windows-Diagnosis-ScriptedDiagnosticsProvider/Operational","26.10.2023 9:05:12","Сведения"
"Circular","1052672","15","Microsoft-Windows-Diagnosis-ScriptedDiagnosticsProvider/Operational","26.10.2023 9:05:12","Сведения"
"Circular","1052672","15","Microsoft-Windows-Diagnosis-ScriptedDiagnosticsProvider/Operational","26.10.2023 9:05:12","Сведения"
"Circular","1052672","245","Microsoft-Windows-Diagnosis-Scripted/Operational","08.12.2024 20:00:32","Сведения"
"Circular","1052672","245","Microsoft-Windows-Diagnosis-Scripted/Operational","08.12.2024 20:00:31","Сведения"
"Circular","1052672","245","Microsoft-Windows-Diagnosis-Scripted/Operational","08.12.2024 20:00:31","Сведения"
"Circular","1052672","57","Microsoft-Windows-Diagnosis-Scripted/Admin","08.12.2024 20:00:31","Сведения"
"Circular","1052672","57","Microsoft-Windows-Diagnosis-Scripted/Admin","02.12.2024 11:23:55","Сведения"
"Circular","1052672","57","Microsoft-Windows-Diagnosis-Scripted/Admin","26.11.2024 9:22:07","Сведения"
"Circular","1052672","384","Microsoft-Windows-Diagnosis-Scheduled/Operational","08.12.2024 20:00:32","Сведения"
"Circular","1052672","384","Microsoft-Windows-Diagnosis-Scheduled/Operational","08.12.2024 20:00:32","Критический"
"Circular","1052672","384","Microsoft-Windows-Diagnosis-Scheduled/Operational","08.12.2024 20:00:32","Сведения"
"Circular","1052672","1944","Microsoft-Windows-Diagnosis-PCW/Operational","10.12.2024 9:26:48","Сведения"
"Circular","1052672","1944","Microsoft-Windows-Diagnosis-PCW/Operational","10.12.2024 9:26:48","Сведения"
"Circular","1052672","1944","Microsoft-Windows-Diagnosis-PCW/Operational","10.12.2024 9:26:48","Сведения"
"Circular","1052672","1861","Microsoft-Windows-Diagnosis-DPS/Operational","12.12.2024 8:57:23","Сведения"
"Circular","1052672","1861","Microsoft-Windows-Diagnosis-DPS/Operational","12.12.2024 8:57:22","Сведения"
"Circular","1052672","1861","Microsoft-Windows-Diagnosis-DPS/Operational","12.12.2024 8:57:22","Сведения"
"Circular","1052672","314","Microsoft-Windows-Dhcpv6-Client/Admin","11.12.2024 11:00:33","Сведения"
"Circular","1052672","314","Microsoft-Windows-Dhcpv6-Client/Admin","11.12.2024 10:58:17","Сведения"
"Circular","1052672","314","Microsoft-Windows-Dhcpv6-Client/Admin","10.12.2024 11:20:20","Сведения"
"Circular","1052672","2128","Microsoft-Windows-Dhcp-Client/Admin","12.12.2024 10:36:18","Ошибка"
"Circular","1052672","2128","Microsoft-Windows-Dhcp-Client/Admin","12.12.2024 10:35:22","Ошибка"
"Circular","1052672","2128","Microsoft-Windows-Dhcp-Client/Admin","12.12.2024 8:56:10","Ошибка"
"Circular","1052672","278","Microsoft-Windows-DeviceSetupManager/Operational","10.12.2024 14:07:04","Сведения"
"Circular","1052672","278","Microsoft-Windows-DeviceSetupManager/Operational","09.12.2024 9:04:46","Сведения"
"Circular","1052672","278","Microsoft-Windows-DeviceSetupManager/Operational","09.12.2024 9:03:19","Сведения"
"Circular","1052672","2328","Microsoft-Windows-DeviceSetupManager/Admin","12.12.2024 10:37:30","Сведения"
"Circular","1052672","2328","Microsoft-Windows-DeviceSetupManager/Admin","12.12.2024 10:36:45","Сведения"
"Circular","1052672","2328","Microsoft-Windows-DeviceSetupManager/Admin","12.12.2024 10:36:45","Ошибка"
"Circular","1052672","1918","Microsoft-Windows-DeviceManagement-Enterprise-Diagnostics-Provider/Operational","12.12.2024 9:43:55","Сведения"
"Circular","1052672","1918","Microsoft-Windows-DeviceManagement-Enterprise-Diagnostics-Provider/Operational","12.12.2024 9:43:55","Сведения"
"Circular","1052672","1918","Microsoft-Windows-DeviceManagement-Enterprise-Diagnostics-Provider/Operational","12.12.2024 9:41:55","Сведения"
"Circular","1052672","372","Microsoft-Windows-DeviceManagement-Enterprise-Diagnostics-Provider/Admin","15.11.2024 11:09:16","Ошибка"
"Circular","1052672","372","Microsoft-Windows-DeviceManagement-Enterprise-Diagnostics-Provider/Admin","15.11.2024 11:09:16","Ошибка"
"Circular","1052672","372","Microsoft-Windows-DeviceManagement-Enterprise-Diagnostics-Provider/Admin","15.11.2024 11:09:16","Ошибка"
"Circular","1052672","1615","Microsoft-Windows-Crypto-NCrypt/Operational","12.12.2024 12:09:19","Ошибка"
"Circular","1052672","1615","Microsoft-Windows-Crypto-NCrypt/Operational","12.12.2024 12:09:19","Ошибка"
"Circular","1052672","1615","Microsoft-Windows-Crypto-NCrypt/Operational","12.12.2024 11:01:17","Ошибка"
"Circular","1052672","2131","Microsoft-Windows-Crypto-DPAPI/Operational","12.12.2024 8:55:42","Сведения"
"Circular","1052672","2131","Microsoft-Windows-Crypto-DPAPI/Operational","12.12.2024 8:55:42","Сведения"
"Circular","1052672","2131","Microsoft-Windows-Crypto-DPAPI/Operational","12.12.2024 8:55:42","Сведения"
"Circular","1052672","1332","Microsoft-Windows-CoreSystem-SmsRouter-Events/Operational","12.12.2024 9:03:39","Сведения"
"Circular","1052672","1332","Microsoft-Windows-CoreSystem-SmsRouter-Events/Operational","12.12.2024 9:03:39","Сведения"
"Circular","1052672","1332","Microsoft-Windows-CoreSystem-SmsRouter-Events/Operational","12.12.2024 9:01:39","Сведения"
"Circular","1052672","240","Microsoft-Windows-Containers-Wcifs/Operational","12.12.2024 8:55:35","Сведения"
"Circular","1052672","240","Microsoft-Windows-Containers-Wcifs/Operational","12.12.2024 6:53:01","Сведения"
"Circular","1052672","240","Microsoft-Windows-Containers-Wcifs/Operational","01.12.2024 21:37:21","Сведения"
"Circular","1052672","240","Microsoft-Windows-Containers-BindFlt/Operational","12.12.2024 8:55:35","Сведения"
"Circular","1052672","240","Microsoft-Windows-Containers-BindFlt/Operational","12.12.2024 6:53:01","Сведения"
"Circular","1052672","240","Microsoft-Windows-Containers-BindFlt/Operational","01.12.2024 21:37:21","Сведения"
"Circular","1052672","1334","Microsoft-Windows-CodeIntegrity/Operational","12.12.2024 9:26:15","Сведения"
"Circular","1052672","1334","Microsoft-Windows-CodeIntegrity/Operational","12.12.2024 9:26:15","Ошибка"
"Circular","1052672","1334","Microsoft-Windows-CodeIntegrity/Operational","12.12.2024 9:26:15","Сведения"
"Circular","1052672","2084","Microsoft-Windows-CloudStore/Operational","12.12.2024 8:57:42","Ошибка"
"Circular","1052672","2084","Microsoft-Windows-CloudStore/Operational","12.12.2024 8:57:42","Ошибка"
"Circular","1052672","2084","Microsoft-Windows-CloudStore/Operational","12.12.2024 8:57:39","Ошибка"
"Circular","1052672","5","Microsoft-Windows-CloudStore/Initialization","30.10.2024 15:04:03","Предупреждение"
"Circular","1052672","5","Microsoft-Windows-CloudStore/Initialization","01.07.2024 16:28:57","Сведения"
"Circular","1052672","5","Microsoft-Windows-CloudStore/Initialization","01.07.2024 16:28:55","Сведения"
"Circular","1052672","12","Microsoft-Windows-CloudRestoreLauncher/Operational","09.03.2024 12:32:45","Сведения"
"Circular","1052672","12","Microsoft-Windows-CloudRestoreLauncher/Operational","09.03.2024 12:32:45","Ошибка"
"Circular","1052672","12","Microsoft-Windows-CloudRestoreLauncher/Operational","09.03.2024 12:32:44","Сведения"
"Circular","1052672","2","Microsoft-Windows-CertificateServicesClient-Lifecycle-System/Operational","22.12.2023 8:56:38","Сведения"
"Circular","1052672","2","Microsoft-Windows-CertificateServicesClient-Lifecycle-System/Operational","22.12.2023 8:56:35","Сведения"
"Circular","1052672","1154","Microsoft-Windows-Bits-Client/Operational","12.12.2024 11:05:45","Сведения"
"Circular","1052672","1154","Microsoft-Windows-Bits-Client/Operational","12.12.2024 11:05:44","Сведения"
"Circular","1052672","1154","Microsoft-Windows-Bits-Client/Operational","12.12.2024 11:01:37","Сведения"
"Circular","1052672","2307","Microsoft-Windows-BitLocker/BitLocker Management","12.12.2024 8:58:37","Сведения"
"Circular","1052672","2307","Microsoft-Windows-BitLocker/BitLocker Management","12.12.2024 8:58:37","Сведения"
"Circular","1052672","2307","Microsoft-Windows-BitLocker/BitLocker Management","12.12.2024 8:56:24","Сведения"
"Circular","1052672","116","Microsoft-Windows-Biometrics/Operational","04.12.2024 9:17:02","Подробно"
"Circular","1052672","116","Microsoft-Windows-Biometrics/Operational","04.12.2024 9:17:02","Сведения"
"Circular","1052672","116","Microsoft-Windows-Biometrics/Operational","04.12.2024 9:17:02","Сведения"
"Circular","1052672","194","Microsoft-Windows-BackgroundTaskInfrastructure/Operational","09.12.2024 13:56:32","Сведения"
"Circular","1052672","194","Microsoft-Windows-BackgroundTaskInfrastructure/Operational","08.12.2024 19:45:15","Сведения"
"Circular","1052672","194","Microsoft-Windows-BackgroundTaskInfrastructure/Operational","06.12.2024 14:09:11","Сведения"
"Circular","1052672","4","Microsoft-Windows-Authentication User Interface/Operational","12.10.2024 16:58:00","Предупреждение"
"Circular","1052672","4","Microsoft-Windows-Authentication User Interface/Operational","03.09.2024 14:02:45","Предупреждение"
"Circular","1052672","4","Microsoft-Windows-Authentication User Interface/Operational","13.01.2024 14:24:57","Предупреждение"
"Circular","1052672","331","Microsoft-Windows-Audio/PlaybackManager","01.12.2024 19:41:06","Сведения"
"Circular","1052672","331","Microsoft-Windows-Audio/PlaybackManager","01.12.2024 19:41:06","Сведения"
"Circular","1052672","331","Microsoft-Windows-Audio/PlaybackManager","23.11.2024 13:29:38","Сведения"
"Circular","1052672","1863","Microsoft-Windows-Audio/Operational","12.12.2024 10:36:23","Сведения"
"Circular","1052672","1863","Microsoft-Windows-Audio/Operational","12.12.2024 10:36:23","Сведения"
"Circular","1052672","1863","Microsoft-Windows-Audio/Operational","12.12.2024 10:36:23","Сведения"
"Circular","1052672","1964","Microsoft-Windows-AppxPackaging/Operational","12.12.2024 8:59:42","Сведения"
"Circular","1052672","1964","Microsoft-Windows-AppxPackaging/Operational","12.12.2024 8:59:42","Сведения"
"Circular","1052672","1964","Microsoft-Windows-AppxPackaging/Operational","12.12.2024 8:59:37","Сведения"
"Circular","5242880","3549","Microsoft-Windows-AppXDeploymentServer/Operational","12.12.2024 9:18:03","Подробно"
"Circular","5242880","3549","Microsoft-Windows-AppXDeploymentServer/Operational","12.12.2024 9:18:03","Подробно"
"Circular","5242880","3549","Microsoft-Windows-AppXDeploymentServer/Operational","12.12.2024 9:01:23","Предупреждение"
"Circular","1052672","2093","Microsoft-Windows-AppXDeployment/Operational","12.12.2024 12:09:19","Сведения"
"Circular","1052672","2093","Microsoft-Windows-AppXDeployment/Operational","12.12.2024 12:09:19","Сведения"
"Circular","1052672","2093","Microsoft-Windows-AppXDeployment/Operational","12.12.2024 12:09:19","Сведения"
"Circular","5242880","38","Microsoft-Windows-AppXDeployment-Server/Operational","20.11.2024 8:30:15","Сведения"
"Circular","5242880","38","Microsoft-Windows-AppXDeployment-Server/Operational","20.11.2024 8:30:15","Сведения"
"Circular","5242880","38","Microsoft-Windows-AppXDeployment-Server/Operational","20.11.2024 8:30:15","Подробно"
"Circular","5242880","310","Microsoft-Windows-AppReadiness/Operational","15.11.2024 10:57:35","Сведения"
"Circular","5242880","310","Microsoft-Windows-AppReadiness/Operational","15.11.2024 10:57:35","Сведения"
"Circular","5242880","310","Microsoft-Windows-AppReadiness/Operational","15.11.2024 10:55:39","Сведения"
"Circular","5242880","2310","Microsoft-Windows-AppReadiness/Admin","15.11.2024 10:57:35","Сведения"
"Circular","5242880","2310","Microsoft-Windows-AppReadiness/Admin","15.11.2024 10:57:35","Сведения"
"Circular","5242880","2310","Microsoft-Windows-AppReadiness/Admin","15.11.2024 10:57:35","Сведения"
"Circular","1052672","1547","Microsoft-Windows-AppModel-Runtime/Admin","12.12.2024 12:09:31","Сведения"
"Circular","1052672","1547","Microsoft-Windows-AppModel-Runtime/Admin","12.12.2024 12:09:23","Сведения"
"Circular","1052672","1547","Microsoft-Windows-AppModel-Runtime/Admin","12.12.2024 12:09:23","Сведения"
"Circular","1052672","1484","Microsoft-Windows-Application-Experience/Program-Telemetry","12.12.2024 10:57:32","Сведения"
"Circular","1052672","1484","Microsoft-Windows-Application-Experience/Program-Telemetry","12.12.2024 10:57:31","Сведения"
"Circular","1052672","1484","Microsoft-Windows-Application-Experience/Program-Telemetry","12.12.2024 9:24:53","Сведения"
"Circular","1052672","383","Microsoft-Windows-Application-Experience/Program-Compatibility-Assistant","12.12.2024 9:05:43","Сведения"
"Circular","1052672","383","Microsoft-Windows-Application-Experience/Program-Compatibility-Assistant","11.12.2024 14:47:31","Сведения"
"Circular","1052672","383","Microsoft-Windows-Application-Experience/Program-Compatibility-Assistant","11.12.2024 11:11:15","Сведения"
"Circular","1052672","37","Microsoft-Windows-AAD/Operational","30.10.2024 15:38:01","Ошибка"
"Circular","1052672","37","Microsoft-Windows-AAD/Operational","30.10.2024 15:38:01","Ошибка"
"Circular","1052672","37","Microsoft-Windows-AAD/Operational","30.10.2024 15:38:01","Ошибка"
"Circular","1052672","2306","Microsoft-Client-Licensing-Platform/Admin","12.12.2024 11:30:55","Сведения"
"Circular","1052672","2306","Microsoft-Client-Licensing-Platform/Admin","12.12.2024 11:25:55","Сведения"
"Circular","1052672","2306","Microsoft-Client-Licensing-Platform/Admin","12.12.2024 11:25:55","Сведения"
"Circular","20971520","2","Intel-GFX-Info/Application","12.07.2024 15:11:03","Сведения"
"Circular","20971520","2","Intel-GFX-Info/Application","12.07.2024 15:11:03","Сведения"
